Dataset ID	Processed Dataset ID	Options	Last Processed Datetime
1	1		07/02/2022 18:25:37
2	2		07/02/2022 18:31:00
3	3		07/02/2022 18:35:37
4	4		07/02/2022 18:40:17
5	5		07/02/2022 18:45:31
6	6		07/02/2022 18:50:08
7	7		07/02/2022 18:53:39
8	8		07/02/2022 19:28:13
9	9		07/02/2022 19:59:00
10	10		07/02/2022 21:02:12
11	11		07/02/2022 21:35:07
12	12		07/02/2022 21:42:43
13	13		07/02/2022 21:47:51
14	14		07/02/2022 22:06:48
15	15		07/02/2022 22:12:18
16	16		07/02/2022 22:15:17
17	17		07/02/2022 22:24:15
18	18		07/02/2022 22:37:02
19	19		07/02/2022 22:50:30
20	20		07/02/2022 22:56:29
21	21		07/02/2022 23:03:58
22	22		08/02/2022 01:53:30
23	23		08/02/2022 02:08:41
24	24		08/02/2022 03:22:54
25	25		08/02/2022 03:30:26
26	26		08/02/2022 03:45:00
27	27		08/02/2022 03:56:44
28	28		08/02/2022 04:31:40
29	29		08/02/2022 04:49:27
30	30		08/02/2022 05:13:28
31	31		08/02/2022 05:18:01
32	32		08/02/2022 05:22:07
33	33		08/02/2022 05:27:58
34	34		08/02/2022 05:33:54
35	35		08/02/2022 05:34:40
36	36		08/02/2022 05:36:33
37	37		08/02/2022 05:37:38
38	38		08/02/2022 05:38:10
39	39		08/02/2022 05:59:37
40	40		08/02/2022 06:02:10
41	41		08/02/2022 06:04:40
42	42		08/02/2022 06:04:56
43	43		08/02/2022 06:05:09
44	44		08/02/2022 06:05:26
45	45		08/02/2022 06:05:32
46	46		08/02/2022 06:05:39
47	47		08/02/2022 06:05:51
48	48		08/02/2022 06:06:01
49	49		08/02/2022 06:06:27
50	50		08/02/2022 06:06:39
51	51		08/02/2022 06:06:50
52	52		08/02/2022 06:07:19
53	53		08/02/2022 06:07:28
54	54		08/02/2022 06:07:42
55	55		08/02/2022 06:07:51
56	56		08/02/2022 06:08:01
57	57		08/02/2022 06:08:11
58	58		08/02/2022 06:08:41
59	59		08/02/2022 06:09:04
60	60		08/02/2022 06:09:11
61	61		08/02/2022 06:09:21
62	62		08/02/2022 06:09:31
63	63		08/02/2022 06:09:33
64	64		08/02/2022 06:09:43
65	65		08/02/2022 06:09:53
66	66		08/02/2022 06:10:01
67	67		08/02/2022 06:10:02
68	68		08/02/2022 06:10:23
69	69		08/02/2022 06:10:45
70	70		08/02/2022 06:10:51
71	71		08/02/2022 06:10:58
72	72		08/02/2022 06:11:03
73	73		08/02/2022 06:12:04
74	74		08/02/2022 06:13:27
75	75		08/02/2022 06:14:48
76	76		08/02/2022 06:15:51
77	77		08/02/2022 06:17:00
78	78		08/02/2022 06:18:05
79	79		08/02/2022 06:19:07
80	80		08/02/2022 06:20:22
81	81		08/02/2022 06:21:13
82	82		08/02/2022 06:22:33
83	83		08/02/2022 06:23:33
84	84		08/02/2022 06:51:04
85	85		08/02/2022 06:51:04
86	86		08/02/2022 06:51:05
87	87		08/02/2022 06:51:05
88	88		08/02/2022 10:35:48
89	89		09/02/2022 22:20:00
90	90		09/02/2022 23:50:12
91	91		10/02/2022 00:54:09
